<xml xmlns="http://www.w3.org/1999/xhtml">
  <tab name="Init" type="InitTab" active="false" scrollx="20.000000000000227" scrolly="0" scale="0.9"></tab>
  <tab name="New Tab" type="CommonTab" active="true" scrollx="19.99999999999966" scrolly="19.99999999999983" scale="0.9">
    <block xmlns="https://developers.google.com/blockly/xml" type="whenClicked" id="RKAC#sg:=#JRMCxb=w?Z" inline="false" x="70" y="50">
      <mutation xmlns="http://www.w3.org/1999/xhtml" adveventoptions="false" enableifmissed="false"></mutation>
      <field name="X_RAY">FALSE</field>
      <field name="DOUBLE_CLICK">FALSE</field>
      <field name="LEFT_BUTTON">TRUE</field>
      <field name="MIDDLE_BUTTON">TRUE</field>
      <field name="RIGHT_BUTTON">TRUE</field>
      <value name="VALUE">
        <shadow type="objectList" id="!?.+J.Z)[,,~QFriL9O;">
          <field name="FIELDNAME">sphere black</field>
        </shadow>
      </value>
      <statement name="DO">
        <block type="assignMaterial" id="wLyU4)aO7xQ_#OpTw)PD">
          <value name="VALUE2">
            <shadow type="materialList" id="vnpOmrnC]BB3m04Ks7~r">
              <field name="FIELDNAME">paint black</field>
            </shadow>
          </value>
          <value name="VALUE1">
            <shadow type="objectList" id="zylW~!)dx|2D^z8,g^/Q">
              <field name="FIELDNAME">metal stand</field>
            </shadow>
          </value>
        </block>
      </statement>
    </block>
    <block xmlns="https://developers.google.com/blockly/xml" type="whenClicked" id="~MC1Ckd923T#!vWXxHrN" inline="false" x="70" y="170">
      <mutation xmlns="http://www.w3.org/1999/xhtml" adveventoptions="false" enableifmissed="false"></mutation>
      <field name="X_RAY">FALSE</field>
      <field name="DOUBLE_CLICK">FALSE</field>
      <field name="LEFT_BUTTON">TRUE</field>
      <field name="MIDDLE_BUTTON">TRUE</field>
      <field name="RIGHT_BUTTON">TRUE</field>
      <value name="VALUE">
        <shadow type="objectList" id="+x:{0F4waUw|w#Za)Y^@">
          <field name="FIELDNAME">sphere chrome</field>
        </shadow>
      </value>
      <statement name="DO">
        <block type="assignMaterial" id="Hm~?NiHBfU-F[@o,yB92">
          <value name="VALUE2">
            <shadow type="materialList" id="ClrMeUiltSce;+T!r0SU">
              <field name="FIELDNAME">chrome</field>
            </shadow>
          </value>
          <value name="VALUE1">
            <shadow type="objectList" id="{=:5=i1[L.hI!)aw?y*Z">
              <field name="FIELDNAME">metal stand</field>
            </shadow>
          </value>
        </block>
      </statement>
    </block>
    <block xmlns="https://developers.google.com/blockly/xml" type="whenClicked" id="lLe*9XMDNvPhd8_._hSM" inline="false" x="70" y="290">
      <mutation xmlns="http://www.w3.org/1999/xhtml" adveventoptions="false" enableifmissed="false"></mutation>
      <field name="X_RAY">FALSE</field>
      <field name="DOUBLE_CLICK">FALSE</field>
      <field name="LEFT_BUTTON">TRUE</field>
      <field name="MIDDLE_BUTTON">TRUE</field>
      <field name="RIGHT_BUTTON">TRUE</field>
      <value name="VALUE">
        <shadow type="objectList" id="|yni?DNaO3R}f~:v5DOa">
          <field name="FIELDNAME">sphere white</field>
        </shadow>
      </value>
      <statement name="DO">
        <block type="assignMaterial" id="B)S^jG,)D.)d;~ey/|9M">
          <value name="VALUE2">
            <shadow type="materialList" id="*6n)%K^ZK~1th}07{n}P">
              <field name="FIELDNAME">paint white</field>
            </shadow>
          </value>
          <value name="VALUE1">
            <shadow type="objectList" id="!ezZe%;F|6ei_ld6~eAd">
              <field name="FIELDNAME">metal stand</field>
            </shadow>
          </value>
        </block>
      </statement>
    </block>
    <block xmlns="https://developers.google.com/blockly/xml" type="whenClicked" id="`CtpUh6N}|+G8]8,%(cS" inline="false" x="110" y="490">
      <mutation xmlns="http://www.w3.org/1999/xhtml" adveventoptions="false" enableifmissed="false"></mutation>
      <field name="X_RAY">FALSE</field>
      <field name="DOUBLE_CLICK">FALSE</field>
      <field name="LEFT_BUTTON">TRUE</field>
      <field name="MIDDLE_BUTTON">TRUE</field>
      <field name="RIGHT_BUTTON">TRUE</field>
      <value name="VALUE">
        <shadow type="objectList" id="~#iDiVt!qWy%On.yw|HW">
          <field name="FIELDNAME">slab01</field>
        </shadow>
      </value>
      <statement name="DO">
        <block type="replaceTexture" id="0bf1UdQRoy+|W*++M%.Q">
          <mutation xmlns="http://www.w3.org/1999/xhtml" enabledoslot="false" flextexinput="false"></mutation>
          <field name="OLD_TEX_NAME">wood.001</field>
          <value name="MATERIAL">
            <shadow type="materialList" id="ogCis+7=MSNgU2{YSMj+">
              <field name="FIELDNAME">Wood Material00</field>
            </shadow>
          </value>
          <value name="NEW_TEX_URL">
            <shadow type="text" id="8~^P_VX7=^;w(H;w7Xjm">
              <field name="TEXT">wood_basecolor_1</field>
            </shadow>
          </value>
        </block>
      </statement>
    </block>
    <block xmlns="https://developers.google.com/blockly/xml" type="whenClicked" id="/`~/aYfK*Fvntr]se#5h" inline="false" x="130" y="630">
      <mutation xmlns="http://www.w3.org/1999/xhtml" adveventoptions="false" enableifmissed="false"></mutation>
      <field name="X_RAY">FALSE</field>
      <field name="DOUBLE_CLICK">FALSE</field>
      <field name="LEFT_BUTTON">TRUE</field>
      <field name="MIDDLE_BUTTON">TRUE</field>
      <field name="RIGHT_BUTTON">TRUE</field>
      <value name="VALUE">
        <shadow type="objectList" id=")%3vT-)p`_tlLPWvqx${">
          <field name="FIELDNAME">slab01</field>
        </shadow>
      </value>
      <statement name="DO">
        <block type="replaceTexture" id="c%^MUQ674=x8y5z[g0*!">
          <mutation xmlns="http://www.w3.org/1999/xhtml" enabledoslot="false" flextexinput="false"></mutation>
          <field name="OLD_TEX_NAME">wood.001</field>
          <value name="MATERIAL">
            <shadow type="materialList" id="vLqjqYc3?NV/3|u~2FWC">
              <field name="FIELDNAME">Wood Material00</field>
            </shadow>
          </value>
          <value name="NEW_TEX_URL">
            <shadow type="text" id="N:LBoeE$9.}F@xydFA_e">
              <field name="TEXT">wood_basecolor_2</field>
            </shadow>
          </value>
        </block>
      </statement>
    </block>
  </tab>
  <editorsettings viewport-x="990" viewport-y="37" viewport-w="672" viewport-h="457.5" viewport-hidden="false" toolbox-library-mode="false" toolbox-minimized-mode="false"></editorsettings>
</xml>